[
  {
    "Title": "To Kill a Mockingbird",
    "Author": "Harper Lee",
    "PublicationYear": 1960,
    "Genre": "Fiction",
    "ISBN": "978-0061120084",
    "Publisher": "J. B. Lippincott \u0026 Co.",
    "PageCount": 336,
    "Price": 12.99,
    "IsAvailable": true,
    "Id": "f47ac10b-58cc-4372-a567-0e02b2c3d479",
    "CreationDate": "2025-03-01T10:30:45+01:00",
    "LastUpdated": "2025-03-14T15:12:40.3041447+01:00"
  },
  {
    "Title": "1984",
    "Author": "George Orwell",
    "PublicationYear": 1949,
    "Genre": "Science Fiction",
    "ISBN": "978-0451524935",
    "Publisher": "Secker \u0026 Warburg",
    "PageCount": 328,
    "Price": 9.99,
    "IsAvailable": true,
    "Id": "2a3b4c5d-6e7f-8a9b-0c1d-2e3f4a5b6c7d",
    "CreationDate": "2025-03-01T10:31:22+01:00",
    "LastUpdated": "2025-03-14T15:12:40.3102061+01:00"
  },
  {
    "Title": "The Great Gatsby",
    "Author": "F. Scott Fitzgerald",
    "PublicationYear": 1925,
    "Genre": "Fiction",
    "ISBN": "978-0743273565",
    "Publisher": "Charles Scribner\u0027s Sons",
    "PageCount": 180,
    "Price": 8.99,
    "IsAvailable": true,
    "Id": "b9a87c65-4321-5d6e-7f8a-9b0c1d2e3f4a",
    "CreationDate": "2025-03-01T10:32:15+01:00",
    "LastUpdated": "2025-03-14T15:12:40.3102456+01:00"
  },
  {
    "Title": "Pride and Prejudice",
    "Author": "Jane Austen",
    "PublicationYear": 1813,
    "Genre": "Romance",
    "ISBN": "978-0141439518",
    "Publisher": "T. Egerton",
    "PageCount": 432,
    "Price": 7.99,
    "IsAvailable": true,
    "Id": "c1d2e3f4-a5b6-c7d8-e9f0-a1b2c3d4e5f6",
    "CreationDate": "2025-03-01T10:33:01+01:00",
    "LastUpdated": "2025-03-14T15:12:40.3102539+01:00"
  },
  {
    "Title": "The Hobbit",
    "Author": "J.R.R. Tolkien",
    "PublicationYear": 1937,
    "Genre": "Fantasy",
    "ISBN": "978-0547928227",
    "Publisher": "George Allen \u0026 Unwin",
    "PageCount": 300,
    "Price": 14.99,
    "IsAvailable": true,
    "Id": "d4e5f6a7-b8c9-d0e1-f2a3-b4c5d6e7f8a9",
    "CreationDate": "2025-03-01T10:33:45+01:00",
    "LastUpdated": "2025-03-14T15:12:40.310261+01:00"
  },
  {
    "Title": "Harry Potter and the Philosopher\u0027s Stone",
    "Author": "J.K. Rowling",
    "PublicationYear": 1997,
    "Genre": "Fantasy",
    "ISBN": "978-1408855652",
    "Publisher": "Bloomsbury",
    "PageCount": 223,
    "Price": 10.99,
    "IsAvailable": true,
    "Id": "e5f6a7b8-c9d0-e1f2-a3b4-c5d6e7f8a9b0",
    "CreationDate": "2025-03-01T10:34:32+01:00",
    "LastUpdated": "2025-03-14T15:12:40.3102746+01:00"
  },
  {
    "Title": "The Lord of the Rings",
    "Author": "J.R.R. Tolkien",
    "PublicationYear": 1954,
    "Genre": "Fantasy",
    "ISBN": "978-0618640157",
    "Publisher": "Allen \u0026 Unwin",
    "PageCount": 1178,
    "Price": 29.99,
    "IsAvailable": true,
    "Id": "f6a7b8c9-d0e1-f2a3-b4c5-d6e7f8a9b0c1",
    "CreationDate": "2025-03-01T10:35:18+01:00",
    "LastUpdated": "2025-03-14T15:12:40.3102819+01:00"
  },
  {
    "Title": "The Catcher in the Rye",
    "Author": "J.D. Salinger",
    "PublicationYear": 1951,
    "Genre": "Fiction",
    "ISBN": "978-0316769488",
    "Publisher": "Little, Brown and Company",
    "PageCount": 277,
    "Price": 8.99,
    "IsAvailable": true,
    "Id": "a7b8c9d0-e1f2-a3b4-c5d6-e7f8a9b0c1d2",
    "CreationDate": "2025-03-01T10:36:05+01:00",
    "LastUpdated": "2025-03-14T15:12:40.3102888+01:00"
  },
  {
    "Title": "Brave New World",
    "Author": "Aldous Huxley",
    "PublicationYear": 1932,
    "Genre": "Science Fiction",
    "ISBN": "978-0060850524",
    "Publisher": "Chatto \u0026 Windus",
    "PageCount": 288,
    "Price": 10.99,
    "IsAvailable": true,
    "Id": "b8c9d0e1-f2a3-b4c5-d6e7-f8a9b0c1d2e3",
    "CreationDate": "2025-03-01T10:36:53+01:00",
    "LastUpdated": "2025-03-14T15:12:40.3102956+01:00"
  },
  {
    "Title": "The Alchemist",
    "Author": "Paulo Coelho",
    "PublicationYear": 1988,
    "Genre": "Fiction",
    "ISBN": "978-0062315007",
    "Publisher": "HarperOne",
    "PageCount": 208,
    "Price": 11.99,
    "IsAvailable": true,
    "Id": "c9d0e1f2-a3b4-c5d6-e7f8-a9b0c1d2e3f4",
    "CreationDate": "2025-03-01T10:37:41+01:00",
    "LastUpdated": "2025-03-14T15:12:40.3103025+01:00"
  },
  {
    "Title": "The Hunger Games",
    "Author": "Suzanne Collins",
    "PublicationYear": 2008,
    "Genre": "Young Adult",
    "ISBN": "978-0439023481",
    "Publisher": "Scholastic Press",
    "PageCount": 374,
    "Price": 12.50,
    "IsAvailable": true,
    "Id": "d0e1f2a3-b4c5-d6e7-f8a9-b0c1d2e3f4a5",
    "CreationDate": "2025-03-01T10:38:29+01:00",
    "LastUpdated": "2025-03-14T15:12:40.3103093+01:00"
  },
  {
    "Title": "The Da Vinci Code",
    "Author": "Dan Brown",
    "PublicationYear": 2003,
    "Genre": "Mystery",
    "ISBN": "978-0307474278",
    "Publisher": "Doubleday",
    "PageCount": 489,
    "Price": 9.99,
    "IsAvailable": true,
    "Id": "e1f2a3b4-c5d6-e7f8-a9b0-c1d2e3f4a5b6",
    "CreationDate": "2025-03-01T10:39:17+01:00",
    "LastUpdated": "2025-03-14T15:12:40.3103161+01:00"
  },
  {
    "Title": "A Tale of Two Cities",
    "Author": "Charles Dickens",
    "PublicationYear": 1859,
    "Genre": "Historical Fiction",
    "ISBN": "978-0141439600",
    "Publisher": "Chapman \u0026 Hall",
    "PageCount": 489,
    "Price": 6.99,
    "IsAvailable": true,
    "Id": "f2a3b4c5-d6e7-f8a9-b0c1-d2e3f4a5b6c7",
    "CreationDate": "2025-03-01T10:40:05+01:00",
    "LastUpdated": "2025-03-14T15:12:40.3103229+01:00"
  },
  {
    "Title": "The Odyssey",
    "Author": "Homer",
    "PublicationYear": -800,
    "Genre": "Epic Poetry",
    "ISBN": "978-0199536788",
    "Publisher": "Oxford University Press",
    "PageCount": 416,
    "Price": 11.95,
    "IsAvailable": true,
    "Id": "a3b4c5d6-e7f8-a9b0-c1d2-e3f4a5b6c7d8",
    "CreationDate": "2025-03-01T10:40:53+01:00",
    "LastUpdated": "2025-03-14T15:12:40.3103296+01:00"
  },
  {
    "Title": "The Shining",
    "Author": "Stephen King",
    "PublicationYear": 1977,
    "Genre": "Horror",
    "ISBN": "978-0307743657",
    "Publisher": "Doubleday",
    "PageCount": 688,
    "Price": 9.99,
    "IsAvailable": true,
    "Id": "b4c5d6e7-f8a9-b0c1-d2e3-f4a5b6c7d8e9",
    "CreationDate": "2025-03-01T10:41:41+01:00",
    "LastUpdated": "2025-03-14T15:12:40.3103366+01:00"
  },
  {
    "Title": "The Grapes of Wrath",
    "Author": "John Steinbeck",
    "PublicationYear": 1939,
    "Genre": "Fiction",
    "ISBN": "978-0143039433",
    "Publisher": "The Viking Press",
    "PageCount": 464,
    "Price": 12.99,
    "IsAvailable": true,
    "Id": "c5d6e7f8-a9b0-c1d2-e3f4-a5b6c7d8e9f0",
    "CreationDate": "2025-03-01T10:42:29+01:00",
    "LastUpdated": "2025-03-14T15:12:40.3103433+01:00"
  },
  {
    "Title": "Moby-Dick",
    "Author": "Herman Melville",
    "PublicationYear": 1851,
    "Genre": "Adventure",
    "ISBN": "978-0142437247",
    "Publisher": "Harper \u0026 Brothers",
    "PageCount": 720,
    "Price": 14.99,
    "IsAvailable": true,
    "Id": "d6e7f8a9-b0c1-d2e3-e4f5-a6b7c8d9e0f1",
    "CreationDate": "2025-03-01T10:43:17+01:00",
    "LastUpdated": "2025-03-14T15:12:40.31035+01:00"
  },
  {
    "Title": "One Hundred Years of Solitude",
    "Author": "Gabriel Garc\u00EDa M\u00E1rquez",
    "PublicationYear": 1967,
    "Genre": "Magical Realism",
    "ISBN": "978-0060883287",
    "Publisher": "Harper \u0026 Row",
    "PageCount": 448,
    "Price": 15.99,
    "IsAvailable": true,
    "Id": "e7f8a9b0-c1d2-e3f4-a5b6-c7d8e9f0a1b2",
    "CreationDate": "2025-03-01T10:44:05+01:00",
    "LastUpdated": "2025-03-14T15:12:40.3103569+01:00"
  },
  {
    "Title": "Crime and Punishment",
    "Author": "Fyodor Dostoevsky",
    "PublicationYear": 1866,
    "Genre": "Literary Fiction",
    "ISBN": "978-0143058144",
    "Publisher": "The Russian Messenger",
    "PageCount": 671,
    "Price": 12.99,
    "IsAvailable": true,
    "Id": "f8a9b0c1-d2e3-f4a5-b6c7-d8e9f0a1b2c3",
    "CreationDate": "2025-03-01T10:44:53+01:00",
    "LastUpdated": "2025-03-14T15:12:40.3103681+01:00"
  },
  {
    "Title": "Wuthering Heights",
    "Author": "Emily Bront\u00EB",
    "PublicationYear": 1847,
    "Genre": "Gothic Fiction",
    "ISBN": "978-0141439556",
    "Publisher": "Thomas Cautley Newby",
    "PageCount": 416,
    "Price": 7.99,
    "IsAvailable": true,
    "Id": "a9b0c1d2-e3f4-a5b6-c7d8-e9f0a1b2c3d4",
    "CreationDate": "2025-03-01T10:45:41+01:00",
    "LastUpdated": "2025-03-14T15:12:40.3103753+01:00"
  },
  {
    "Title": "The Picture of Dorian Gray",
    "Author": "Oscar Wilde",
    "PublicationYear": 1890,
    "Genre": "Gothic Fiction",
    "ISBN": "978-0199535989",
    "Publisher": "Lippincott\u0027s Monthly Magazine",
    "PageCount": 272,
    "Price": 7.95,
    "IsAvailable": true,
    "Id": "b0c1d2e3-f4a5-b6c7-d8e9-f0a1b2c3d4e5",
    "CreationDate": "2025-03-01T10:46:29+01:00",
    "LastUpdated": "2025-03-14T15:12:40.3103823+01:00"
  },
  {
    "Title": "The Count of Monte Cristo",
    "Author": "Alexandre Dumas",
    "PublicationYear": 1844,
    "Genre": "Adventure",
    "ISBN": "978-0140449266",
    "Publisher": "P\u00E9tion",
    "PageCount": 1276,
    "Price": 16.00,
    "IsAvailable": true,
    "Id": "c1d2e3f4-a5b6-c7d8-e9f0-a1b2c3d4e5f6",
    "CreationDate": "2025-03-01T10:47:17+01:00",
    "LastUpdated": "2025-03-14T15:12:40.3103891+01:00"
  },
  {
    "Title": "The Silent Patient",
    "Author": "Alex Michaelides",
    "PublicationYear": 2019,
    "Genre": "Thriller",
    "ISBN": "978-1250301697",
    "Publisher": "Celadon Books",
    "PageCount": 336,
    "Price": 14.99,
    "IsAvailable": true,
    "Id": "d2e3f4a5-b6c7-d8e9-f0a1-b2c3d4e5f6a7",
    "CreationDate": "2025-03-01T10:48:05+01:00",
    "LastUpdated": "2025-03-14T15:12:40.3103959+01:00"
  },
  {
    "Title": "Where the Crawdads Sing",
    "Author": "Delia Owens",
    "PublicationYear": 2018,
    "Genre": "Fiction",
    "ISBN": "978-0735219090",
    "Publisher": "G.P. Putnam\u0027s Sons",
    "PageCount": 384,
    "Price": 16.00,
    "IsAvailable": true,
    "Id": "e3f4a5b6-c7d8-e9f0-a1b2-c3d4e5f6a7b8",
    "CreationDate": "2025-03-01T10:48:53+01:00",
    "LastUpdated": "2025-03-14T15:12:40.3104027+01:00"
  },
  {
    "Title": "Educated",
    "Author": "Tara Westover",
    "PublicationYear": 2018,
    "Genre": "Memoir",
    "ISBN": "978-0399590504",
    "Publisher": "Random House",
    "PageCount": 352,
    "Price": 15.95,
    "IsAvailable": true,
    "Id": "f4a5b6c7-d8e9-f0a1-b2c3-d4e5f6a7b8c9",
    "CreationDate": "2025-03-01T10:49:41+01:00",
    "LastUpdated": "2025-03-14T15:12:40.3104097+01:00"
  },
  {
    "Title": "Sapiens: A Brief History of Humankind",
    "Author": "Yuval Noah Harari",
    "PublicationYear": 2011,
    "Genre": "Non-fiction",
    "ISBN": "978-0062316097",
    "Publisher": "Harper",
    "PageCount": 464,
    "Price": 24.99,
    "IsAvailable": true,
    "Id": "a5b6c7d8-e9f0-a1b2-c3d4-e5f6a7b8c9d0",
    "CreationDate": "2025-03-01T10:50:29+01:00",
    "LastUpdated": "2025-03-14T15:12:40.310417+01:00"
  },
  {
    "Title": "Becoming",
    "Author": "Michelle Obama",
    "PublicationYear": 2018,
    "Genre": "Autobiography",
    "ISBN": "978-1524763138",
    "Publisher": "Crown",
    "PageCount": 448,
    "Price": 32.50,
    "IsAvailable": true,
    "Id": "b6c7d8e9-f0a1-b2c3-d4e5-f6a7b8c9d0e1",
    "CreationDate": "2025-03-01T10:51:17+01:00",
    "LastUpdated": "2025-03-14T15:12:40.3104245+01:00"
  },
  {
    "Title": "The Girl on the Train",
    "Author": "Paula Hawkins",
    "PublicationYear": 2015,
    "Genre": "Mystery",
    "ISBN": "978-1594634024",
    "Publisher": "Riverhead Books",
    "PageCount": 336,
    "Price": 9.99,
    "IsAvailable": true,
    "Id": "c7d8e9f0-a1b2-c3d4-e5f6-a7b8c9d0e1f2",
    "CreationDate": "2025-03-01T10:52:05+01:00",
    "LastUpdated": "2025-03-14T15:12:40.3104319+01:00"
  },
  {
    "Title": "A Game of Thrones",
    "Author": "George R.R. Martin",
    "PublicationYear": 1996,
    "Genre": "Fantasy",
    "ISBN": "978-0553593716",
    "Publisher": "Bantam Spectra",
    "PageCount": 835,
    "Price": 9.99,
    "IsAvailable": true,
    "Id": "d8e9f0a1-b2c3-d4e5-f6a7-b8c9d0e1f2a3",
    "CreationDate": "2025-03-01T10:52:53+01:00",
    "LastUpdated": "2025-03-14T15:12:40.3104391+01:00"
  },
  {
    "Title": "The Kite Runner",
    "Author": "Khaled Hosseini",
    "PublicationYear": 2003,
    "Genre": "Fiction",
    "ISBN": "978-1594631931",
    "Publisher": "Riverhead Books",
    "PageCount": 371,
    "Price": 14.00,
    "IsAvailable": true,
    "Id": "e9f0a1b2-c3d4-e5f6-a7b8-c9d0e1f2a3b4",
    "CreationDate": "2025-03-01T10:53:41+01:00",
    "LastUpdated": "2025-03-14T15:12:40.3104463+01:00"
  },
  {
    "Title": "Life of Pi",
    "Author": "Yann Martel",
    "PublicationYear": 2001,
    "Genre": "Fiction",
    "ISBN": "978-0156027328",
    "Publisher": "Knopf Canada",
    "PageCount": 326,
    "Price": 12.99,
    "IsAvailable": true,
    "Id": "f0a1b2c3-d4e5-f6a7-b8c9-d0e1f2a3b4c5",
    "CreationDate": "2025-03-01T10:54:29+01:00",
    "LastUpdated": "2025-03-14T15:12:40.3104536+01:00"
  },
  {
    "Title": "The Book Thief",
    "Author": "Markus Zusak",
    "PublicationYear": 2005,
    "Genre": "Historical Fiction",
    "ISBN": "978-0375842207",
    "Publisher": "Picador",
    "PageCount": 584,
    "Price": 12.99,
    "IsAvailable": true,
    "Id": "a1b2c3d4-e5f6-a7b8-c9d0-e1f2a3b4c5d6",
    "CreationDate": "2025-03-01T10:55:17+01:00",
    "LastUpdated": "2025-03-14T15:12:40.3104672+01:00"
  },
  {
    "Title": "The Road",
    "Author": "Cormac McCarthy",
    "PublicationYear": 2006,
    "Genre": "Post-Apocalyptic",
    "ISBN": "978-0307387899",
    "Publisher": "Alfred A. Knopf",
    "PageCount": 287,
    "Price": 16.00,
    "IsAvailable": true,
    "Id": "b2c3d4e5-f6a7-b8c9-d0e1-f2a3b4c5d6e7",
    "CreationDate": "2025-03-01T10:56:05+01:00",
    "LastUpdated": "2025-03-14T15:12:40.3104746+01:00"
  },
  {
    "Title": "Fahrenheit 451",
    "Author": "Ray Bradbury",
    "PublicationYear": 1953,
    "Genre": "Dystopian",
    "ISBN": "978-1451673319",
    "Publisher": "Ballantine Books",
    "PageCount": 249,
    "Price": 8.99,
    "IsAvailable": true,
    "Id": "c3d4e5f6-a7b8-c9d0-e1f2-a3b4c5d6e7f8",
    "CreationDate": "2025-03-01T10:56:53+01:00",
    "LastUpdated": "2025-03-14T15:12:40.3104821+01:00"
  },
  {
    "Title": "The Handmaid\u0027s Tale",
    "Author": "Margaret Atwood",
    "PublicationYear": 1985,
    "Genre": "Dystopian",
    "ISBN": "978-0385490818",
    "Publisher": "McClelland \u0026 Stewart",
    "PageCount": 311,
    "Price": 15.95,
    "IsAvailable": true,
    "Id": "d4e5f6a7-b8c9-d0e1-f2a3-b4c5d6e7f8a9",
    "CreationDate": "2025-03-01T10:57:41+01:00",
    "LastUpdated": "2025-03-14T15:12:40.3104896+01:00"
  },
  {
    "Title": "The Giver",
    "Author": "Lois Lowry",
    "PublicationYear": 1993,
    "Genre": "Young Adult",
    "ISBN": "978-0544336261",
    "Publisher": "Houghton Mifflin",
    "PageCount": 208,
    "Price": 8.99,
    "IsAvailable": true,
    "Id": "e5f6a7b8-c9d0-e1f2-a3b4-c5d6e7f8a9b0",
    "CreationDate": "2025-03-01T10:58:29+01:00",
    "LastUpdated": "2025-03-14T15:12:40.3104969+01:00"
  },
  {
    "Title": "The Martian",
    "Author": "Andy Weir",
    "PublicationYear": 2011,
    "Genre": "Science Fiction",
    "ISBN": "978-0553418026",
    "Publisher": "Crown Publishing Group",
    "PageCount": 387,
    "Price": 15.00,
    "IsAvailable": true,
    "Id": "f6a7b8c9-d0e1-f2a3-b4c5-d6e7f8a9b0c1",
    "CreationDate": "2025-03-01T10:59:17+01:00",
    "LastUpdated": "2025-03-14T15:12:40.3105043+01:00"
  },
  {
    "Title": "Gone Girl",
    "Author": "Gillian Flynn",
    "PublicationYear": 2012,
    "Genre": "Thriller",
    "ISBN": "978-0307588371",
    "Publisher": "Crown Publishing Group",
    "PageCount": 432,
    "Price": 14.99,
    "IsAvailable": true,
    "Id": "a7b8c9d0-e1f2-a3b4-c5d6-e7f8a9b0c1d2",
    "CreationDate": "2025-03-01T11:00:05+01:00",
    "LastUpdated": "2025-03-14T15:12:40.3105116+01:00"
  },
  {
    "Title": "The Fault in Our Stars",
    "Author": "John Green",
    "PublicationYear": 2012,
    "Genre": "Young Adult",
    "ISBN": "978-0142424179",
    "Publisher": "Dutton Books",
    "PageCount": 313,
    "Price": 12.99,
    "IsAvailable": true,
    "Id": "b8c9d0e1-f2a3-b4c5-d6e7-f8a9b0c1d2e3",
    "CreationDate": "2025-03-01T11:00:53+01:00",
    "LastUpdated": "2025-03-14T15:12:40.3105189+01:00"
  },
  {
    "Title": "The Hitchhiker\u0027s Guide to the Galaxy",
    "Author": "Douglas Adams",
    "PublicationYear": 1979,
    "Genre": "Science Fiction",
    "ISBN": "978-0345391803",
    "Publisher": "Pan Books",
    "PageCount": 224,
    "Price": 7.99,
    "IsAvailable": true,
    "Id": "c9d0e1f2-a3b4-c5d6-e7f8-a9b0c1d2e3f4",
    "CreationDate": "2025-03-01T11:01:41+01:00",
    "LastUpdated": "2025-03-14T15:12:40.3105262+01:00"
  },
  {
    "Title": "The Catch-22",
    "Author": "Joseph Heller",
    "PublicationYear": 1961,
    "Genre": "Satire",
    "ISBN": "978-1451626650",
    "Publisher": "Simon \u0026 Schuster",
    "PageCount": 453,
    "Price": 17.00,
    "IsAvailable": true,
    "Id": "d0e1f2a3-b4c5-d6e7-f8a9-b0c1d2e3f4a5",
    "CreationDate": "2025-03-01T11:02:29+01:00",
    "LastUpdated": "2025-03-14T15:12:40.3105337+01:00"
  },
  {
    "Title": "Ready Player One",
    "Author": "Ernest Cline",
    "PublicationYear": 2011,
    "Genre": "Science Fiction",
    "ISBN": "978-0307887443",
    "Publisher": "Crown Publishing Group",
    "PageCount": 384,
    "Price": 16.00,
    "IsAvailable": true,
    "Id": "e1f2a3b4-c5d6-e7f8-a9b0-c1d2e3f4a5b6",
    "CreationDate": "2025-03-01T11:03:17+01:00",
    "LastUpdated": "2025-03-14T15:12:40.310541+01:00"
  },
  {
    "Title": "The Name of the Wind",
    "Author": "Patrick Rothfuss",
    "PublicationYear": 2007,
    "Genre": "Fantasy",
    "ISBN": "978-0756404741",
    "Publisher": "DAW Books",
    "PageCount": 662,
    "Price": 9.99,
    "IsAvailable": true,
    "Id": "f2a3b4c5-d6e7-f8a9-b0c1-d2e3f4a5b6c7",
    "CreationDate": "2025-03-01T11:04:05+01:00",
    "LastUpdated": "2025-03-14T15:12:40.3105483+01:00"
  },
  {
    "Title": "Dune",
    "Author": "Frank Herbert",
    "PublicationYear": 1965,
    "Genre": "Science Fiction",
    "ISBN": "978-0441172719",
    "Publisher": "Chilton Books",
    "PageCount": 412,
    "Price": 9.99,
    "IsAvailable": true,
    "Id": "a3b4c5d6-e7f8-a9b0-c1d2-e3f4a5b6c7d8",
    "CreationDate": "2025-03-01T11:04:53+01:00",
    "LastUpdated": "2025-03-14T15:12:40.3105567+01:00"
  },
  {
    "Title": "The Road Less Traveled",
    "Author": "M. Scott Peck",
    "PublicationYear": 1978,
    "Genre": "Self-help",
    "ISBN": "978-0743243155",
    "Publisher": "Simon \u0026 Schuster",
    "PageCount": 320,
    "Price": 16.99,
    "IsAvailable": true,
    "Id": "b4c5d6e7-f8a9-b0c1-d2e3-f4a5b6c7d8e9",
    "CreationDate": "2025-03-01T11:05:41+01:00",
    "LastUpdated": "2025-03-14T15:12:40.3105634+01:00"
  },
  {
    "Title": "Rich Dad Poor Dad",
    "Author": "Robert T. Kiyosaki",
    "PublicationYear": 1997,
    "Genre": "Personal Finance",
    "ISBN": "978-1612680194",
    "Publisher": "Warner Books",
    "PageCount": 336,
    "Price": 16.99,
    "IsAvailable": true,
    "Id": "c5d6e7f8-a9b0-c1d2-e3f4-a5b6c7d8e9f0",
    "CreationDate": "2025-03-01T11:06:29+01:00",
    "LastUpdated": "2025-03-14T15:12:40.3105701+01:00"
  },
  {
    "Title": "How to Win Friends and Influence People",
    "Author": "Dale Carnegie",
    "PublicationYear": 1936,
    "Genre": "Self-help",
    "ISBN": "978-0671027032",
    "Publisher": "Simon \u0026 Schuster",
    "PageCount": 288,
    "Price": 16.00,
    "IsAvailable": true,
    "Id": "d6e7f8a9-b0c1-d2e3-e4f5-a6b7c8d9e0f1",
    "CreationDate": "2025-03-01T11:07:17+01:00",
    "LastUpdated": "2025-03-14T15:12:40.3105768+01:00"
  },
  {
    "Title": "Thinking, Fast and Slow",
    "Author": "Daniel Kahneman",
    "PublicationYear": 2011,
    "Genre": "Psychology",
    "ISBN": "978-0374533557",
    "Publisher": "Farrar, Straus and Giroux",
    "PageCount": 499,
    "Price": 17.00,
    "IsAvailable": true,
    "Id": "e7f8a9b0-c1d2-e3f4-a5b6-c7d8e9f0a1b2",
    "CreationDate": "2025-03-01T11:08:05+01:00",
    "LastUpdated": "2025-03-14T15:12:40.3105836+01:00"
  },
  {
    "Title": "TEST",
    "Author": "TEST",
    "PublicationYear": 2000,
    "Genre": "TEST",
    "ISBN": "TEST",
    "Publisher": "TEST",
    "PageCount": 400,
    "Price": 25,
    "IsAvailable": true,
    "Id": "aa8189f7-c5ba-469e-bc66-1577ef8873c2",
    "CreationDate": "2025-03-14T15:51:44.7456278+01:00",
    "LastUpdated": "2025-03-14T15:51:44.7456343+01:00"
  },
  {
    "Title": "TSTSTE",
    "Author": "TESTESTE",
    "PublicationYear": 2000,
    "Genre": "TETE",
    "ISBN": "TE",
    "Publisher": "TEKL",
    "PageCount": 5455,
    "Price": 21,
    "IsAvailable": true,
    "Id": "4406d34a-4aea-4de1-bad7-20bc5a9de9c4",
    "CreationDate": "2025-03-14T17:27:26.4282835+01:00",
    "LastUpdated": "2025-03-14T17:27:26.4282892+01:00"
  }
]
