{
  "version": "3.0",
  "defaultProvider": "cdnjs",
  "libraries": [
    {
      "library": "jquery@3.7.1",
      "destination": "wwwroot/jquery/"
    },
    {
      "library": "jQuery-Validation-Engine@2.6.4",
      "destination": "wwwroot/jQuery-Validation-Engine/"
    },
    {
      "library": "jquery-validation-unobtrusive@4.0.0",
      "destination": "wwwroot/jquery-validation-unobtrusive/"
    },
    {
      "library": "bootstrap@5.3.3",
      "destination": "wwwroot/bootstrap/"
    }
  ]
}