[{"LogLevel":"Information","Category":"Microsoft.Hosting.Lifetime","Message":"Now listening on: http://localhost:5000","Exception":null,"Timestamp":"2025-05-30T10:58:04.9857803+02:00","Id":"f6e5d331-f45d-42b8-a3bd-6e5d278b2a10","CreatedAt":"2025-05-30T10:58:04.9857764+02:00","UpdatedAt":"2025-05-30T10:58:04.9857766+02:00"},{"LogLevel":"Information","Category":"Microsoft.Hosting.Lifetime","Message":"Application started. Press Ctrl\u002BC to shut down.","Exception":null,"Timestamp":"2025-05-30T10:58:04.9873468+02:00","Id":"b7b8df95-f96f-4490-8dbe-6bba3904c8ab","CreatedAt":"2025-05-30T10:58:04.9873455+02:00","UpdatedAt":"2025-05-30T10:58:04.9873457+02:00"},{"LogLevel":"Information","Category":"Microsoft.Hosting.Lifetime","Message":"Application started. Press Ctrl\u002BC to shut down.","Exception":null,"Timestamp":"2025-05-30T10:58:04.9874369+02:00","Id":"e17bf3d0-0453-4788-ac25-648481d4eee4","CreatedAt":"2025-05-30T10:58:04.9874364+02:00","UpdatedAt":"2025-05-30T10:58:04.9874365+02:00"},{"LogLevel":"Information","Category":"Microsoft.Hosting.Lifetime","Message":"Hosting environment: Production","Exception":null,"Timestamp":"2025-05-30T10:58:04.9876187+02:00","Id":"2238b204-ba67-4d19-bf2b-85ffcd5bf604","CreatedAt":"2025-05-30T10:58:04.9876167+02:00","UpdatedAt":"2025-05-30T10:58:04.9876169+02:00"},{"LogLevel":"Information","Category":"Microsoft.Hosting.Lifetime","Message":"Hosting environment: Production","Exception":null,"Timestamp":"2025-05-30T10:58:04.9876203+02:00","Id":"f23fa262-c08b-49da-a260-a407f8325305","CreatedAt":"2025-05-30T10:58:04.9876198+02:00","UpdatedAt":"2025-05-30T10:58:04.9876199+02:00"},{"LogLevel":"Information","Category":"Microsoft.Hosting.Lifetime","Message":"Content root path: C:\\dev\\.MAUI\\BookCatalog\\BookCatalog.Web\\bin\\Release\\net9.0\\publish","Exception":null,"Timestamp":"2025-05-30T10:58:04.9876317+02:00","Id":"73349e58-b7ef-4a82-a49e-ec4bb9a54cc2","CreatedAt":"2025-05-30T10:58:04.9876313+02:00","UpdatedAt":"2025-05-30T10:58:04.9876314+02:00"},{"LogLevel":"Information","Category":"Microsoft.Hosting.Lifetime","Message":"Content root path: C:\\dev\\.MAUI\\BookCatalog\\BookCatalog.Web\\bin\\Release\\net9.0\\publish","Exception":null,"Timestamp":"2025-05-30T10:58:04.9876323+02:00","Id":"48a70430-c97e-426f-9aad-f68a988d2d8e","CreatedAt":"2025-05-30T10:58:04.987632+02:00","UpdatedAt":"2025-05-30T10:58:04.9876321+02:00"},{"LogLevel":"Warning","Category":"Microsoft.AspNetCore.HttpsPolicy.HttpsRedirectionMiddleware","Message":"Failed to determine the https port for redirect.","Exception":null,"Timestamp":"2025-05-30T10:58:10.1944088+02:00","Id":"a70ebe23-98a8-4b7b-a12b-57e182f85d0d","CreatedAt":"2025-05-30T10:58:10.194387+02:00","UpdatedAt":"2025-05-30T10:58:10.1943872+02:00"},{"LogLevel":"Information","Category":"BookCatalog.DAL.Repositories.BookRepository","Message":"\u2B06\uFE0F Sorting Book by Year in a Ascending way!","Exception":null,"Timestamp":"2025-05-30T10:58:10.3115904+02:00","Id":"ad796d1a-31d8-4440-b67b-acbb2536c6ea","CreatedAt":"2025-05-30T10:58:10.3115883+02:00","UpdatedAt":"2025-05-30T10:58:10.3115887+02:00"},{"LogLevel":"Information","Category":"BookCatalog.Areas.Identity.Pages.Account.LoginModel","Message":"User logged in.","Exception":null,"Timestamp":"2025-05-30T10:58:31.7192244+02:00","Id":"5ed66669-e2dd-4564-adb8-7b4337989680","CreatedAt":"2025-05-30T10:58:31.7192009+02:00","UpdatedAt":"2025-05-30T10:58:31.7192016+02:00"},{"LogLevel":"Information","Category":"BookCatalog.DAL.Repositories.BookRepository","Message":"\uD83D\uDD0E Retrieving all Book(s) out of the database","Exception":null,"Timestamp":"2025-05-30T10:58:31.7432744+02:00","Id":"d691e944-769e-43e6-b6c5-d38fdf0b9b86","CreatedAt":"2025-05-30T10:58:31.7432727+02:00","UpdatedAt":"2025-05-30T10:58:31.7432733+02:00"},{"LogLevel":"Information","Category":"BookCatalog.DAL.Repositories.BookRepository","Message":"\uD83D\uDCE6 Retrieved 48 Book out of the database","Exception":null,"Timestamp":"2025-05-30T10:58:31.7666342+02:00","Id":"c2c8d5f7-2db3-4ea0-b805-3176c17c530e","CreatedAt":"2025-05-30T10:58:31.7666322+02:00","UpdatedAt":"2025-05-30T10:58:31.7666329+02:00"},{"LogLevel":"Information","Category":"BookCatalog.DAL.Repositories.GenreRepository","Message":"\uD83D\uDD0E Retrieving all Genre(s) out of the database","Exception":null,"Timestamp":"2025-05-30T10:58:32.2445932+02:00","Id":"4f59a41f-d919-4b42-9b09-120568b4112c","CreatedAt":"2025-05-30T10:58:32.244592+02:00","UpdatedAt":"2025-05-30T10:58:32.2445922+02:00"},{"LogLevel":"Information","Category":"BookCatalog.DAL.Repositories.GenreRepository","Message":"\uD83D\uDCE6 Retrieved 23 Genre out of the database","Exception":null,"Timestamp":"2025-05-30T10:58:32.2567529+02:00","Id":"f552dbfb-6d6b-4133-b3ea-9c883ac1b030","CreatedAt":"2025-05-30T10:58:32.2567495+02:00","UpdatedAt":"2025-05-30T10:58:32.2567502+02:00"},{"LogLevel":"Information","Category":"BookCatalog.DAL.Repositories.BookRepository","Message":"\uD83D\uDD0E Retrieving the Book out of the database with Id: b58bfc10-270a-4395-697d-08dd686bd604","Exception":null,"Timestamp":"2025-05-30T10:58:33.4896105+02:00","Id":"a6051efa-7c1a-4e5b-8bcf-fe18b268b1c8","CreatedAt":"2025-05-30T10:58:33.4896086+02:00","UpdatedAt":"2025-05-30T10:58:33.4896092+02:00"},{"LogLevel":"Information","Category":"BookCatalog.DAL.Repositories.BookRepository","Message":"\uD83D\uDCE6 Retrieved the Book out of the database with Id: b58bfc10-270a-4395-697d-08dd686bd604","Exception":null,"Timestamp":"2025-05-30T10:58:33.5094014+02:00","Id":"a959d9a8-5643-413f-865a-bcf9218f51cf","CreatedAt":"2025-05-30T10:58:33.5093975+02:00","UpdatedAt":"2025-05-30T10:58:33.5093982+02:00"},{"LogLevel":"Information","Category":"BookCatalog.Web.Pages.Books.DetailsModel","Message":"Loaded book details for To Kill a Mockingbird","Exception":null,"Timestamp":"2025-05-30T10:58:33.5402925+02:00","Id":"05c038d7-f081-40ab-bbbb-b38252a79bf2","CreatedAt":"2025-05-30T10:58:33.5402892+02:00","UpdatedAt":"2025-05-30T10:58:33.5402898+02:00"},{"LogLevel":"Information","Category":"BookCatalog.DAL.Repositories.GenreRepository","Message":"\uD83D\uDD0E Retrieving all Genre(s) out of the database","Exception":null,"Timestamp":"2025-05-30T10:58:36.4560323+02:00","Id":"40ed12cd-0dc6-42be-b82a-fbe1e32f3c7f","CreatedAt":"2025-05-30T10:58:36.4560296+02:00","UpdatedAt":"2025-05-30T10:58:36.4560301+02:00"},{"LogLevel":"Information","Category":"BookCatalog.DAL.Repositories.GenreRepository","Message":"\uD83D\uDCE6 Retrieved 23 Genre out of the database","Exception":null,"Timestamp":"2025-05-30T10:58:36.5688069+02:00","Id":"ee4cc322-d23d-4a2a-bb59-a43e783ac6e5","CreatedAt":"2025-05-30T10:58:36.5688041+02:00","UpdatedAt":"2025-05-30T10:58:36.5688044+02:00"},{"LogLevel":"Information","Category":"BookCatalog.DAL.Repositories.BookRepository","Message":"\u2B06\uFE0F Sorting Book by Year in a Ascending way!","Exception":null,"Timestamp":"2025-05-30T10:58:38.7941113+02:00","Id":"4aa0c3a5-b00b-4b0f-b82c-cef044e334d5","CreatedAt":"2025-05-30T10:58:38.7940914+02:00","UpdatedAt":"2025-05-30T10:58:38.7940918+02:00"},{"LogLevel":"Information","Category":"BookCatalog.DAL.Repositories.GenreRepository","Message":"\uD83D\uDD0E Retrieving all Genre(s) out of the database","Exception":null,"Timestamp":"2025-05-30T10:58:40.9423731+02:00","Id":"d7a4adaa-523c-4e02-8238-d9e68e724532","CreatedAt":"2025-05-30T10:58:40.9423719+02:00","UpdatedAt":"2025-05-30T10:58:40.9423723+02:00"},{"LogLevel":"Information","Category":"BookCatalog.DAL.Repositories.GenreRepository","Message":"\uD83D\uDCE6 Retrieved 23 Genre out of the database","Exception":null,"Timestamp":"2025-05-30T10:58:40.9501933+02:00","Id":"b7e8d7b2-98ac-4c3a-aaaf-01446cc8885c","CreatedAt":"2025-05-30T10:58:40.9501907+02:00","UpdatedAt":"2025-05-30T10:58:40.9501911+02:00"},{"LogLevel":"Information","Category":"BookCatalog.DAL.Repositories.BookRepository","Message":"\u2B06\uFE0F Sorting Book by Year in a Ascending way!","Exception":null,"Timestamp":"2025-05-30T10:58:43.1723311+02:00","Id":"0a2995ac-ddcb-4bb5-9094-5043e35349b2","CreatedAt":"2025-05-30T10:58:43.17233+02:00","UpdatedAt":"2025-05-30T10:58:43.1723303+02:00"},{"LogLevel":"Information","Category":"BookCatalog.DAL.Repositories.GenreRepository","Message":"\uD83D\uDD0E Retrieving all Genre(s) out of the database","Exception":null,"Timestamp":"2025-05-30T10:58:44.5352915+02:00","Id":"c0095686-5d80-443e-bf1f-8abe332ca8de","CreatedAt":"2025-05-30T10:58:44.5352904+02:00","UpdatedAt":"2025-05-30T10:58:44.5352905+02:00"},{"LogLevel":"Information","Category":"BookCatalog.DAL.Repositories.GenreRepository","Message":"\uD83D\uDCE6 Retrieved 23 Genre out of the database","Exception":null,"Timestamp":"2025-05-30T10:58:44.54233+02:00","Id":"77503cec-88a5-4406-9a65-860d816745e7","CreatedAt":"2025-05-30T10:58:44.5423271+02:00","UpdatedAt":"2025-05-30T10:58:44.5423275+02:00"},{"LogLevel":"Information","Category":"BookCatalog.DAL.Repositories.GenreRepository","Message":"\uD83D\uDD0E Retrieving the Genre out of the database with Id: 9fae0290-f7d8-4c4a-2fa0-08dd9ecffe55","Exception":null,"Timestamp":"2025-05-30T10:58:49.1740143+02:00","Id":"afad124c-f175-4150-9092-95386c414e66","CreatedAt":"2025-05-30T10:58:49.1740131+02:00","UpdatedAt":"2025-05-30T10:58:49.1740134+02:00"},{"LogLevel":"Information","Category":"BookCatalog.DAL.Repositories.GenreRepository","Message":"\uD83D\uDCE6 Retrieved the Genre out of the database with Id: 9fae0290-f7d8-4c4a-2fa0-08dd9ecffe55","Exception":null,"Timestamp":"2025-05-30T10:58:49.1887016+02:00","Id":"ed915797-0373-48f2-b306-a0df4c25e25f","CreatedAt":"2025-05-30T10:58:49.1886998+02:00","UpdatedAt":"2025-05-30T10:58:49.1887+02:00"},{"LogLevel":"Information","Category":"BookCatalog.DAL.Repositories.BookRepository","Message":"\u2B06\uFE0F Sorting Book by Year in a Ascending way!","Exception":null,"Timestamp":"2025-05-30T10:58:51.4825139+02:00","Id":"a8fcbcd2-812d-4640-a911-be2f0483a4d7","CreatedAt":"2025-05-30T10:58:51.4825127+02:00","UpdatedAt":"2025-05-30T10:58:51.4825131+02:00"},{"LogLevel":"Information","Category":"BookCatalog.DAL.Repositories.GenreRepository","Message":"\uD83D\uDD0E Retrieving all Genre(s) out of the database","Exception":null,"Timestamp":"2025-05-30T10:58:53.07892+02:00","Id":"4cfe6c49-ae8d-47e4-ba39-60b8d1c6ec75","CreatedAt":"2025-05-30T10:58:53.0788791+02:00","UpdatedAt":"2025-05-30T10:58:53.0788795+02:00"},{"LogLevel":"Information","Category":"BookCatalog.DAL.Repositories.GenreRepository","Message":"\uD83D\uDCE6 Retrieved 23 Genre out of the database","Exception":null,"Timestamp":"2025-05-30T10:58:53.0828692+02:00","Id":"0266d76e-a30f-4d5b-bf5e-24e812f4bc32","CreatedAt":"2025-05-30T10:58:53.0828682+02:00","UpdatedAt":"2025-05-30T10:58:53.0828684+02:00"},{"LogLevel":"Information","Category":"BookCatalog.DAL.Repositories.PublisherRepository","Message":"\uD83D\uDD0E Retrieving all Publisher(s) out of the database","Exception":null,"Timestamp":"2025-05-30T10:58:55.5365333+02:00","Id":"a42e3365-419a-4c98-9401-e8df91592bab","CreatedAt":"2025-05-30T10:58:55.5365321+02:00","UpdatedAt":"2025-05-30T10:58:55.5365324+02:00"},{"LogLevel":"Information","Category":"BookCatalog.DAL.Repositories.PublisherRepository","Message":"\uD83D\uDCE6 Retrieved 42 Publisher out of the database","Exception":null,"Timestamp":"2025-05-30T10:58:55.5965975+02:00","Id":"424c5463-fd12-4f9a-a37c-d5287c34a4b3","CreatedAt":"2025-05-30T10:58:55.5965938+02:00","UpdatedAt":"2025-05-30T10:58:55.5965942+02:00"},{"LogLevel":"Information","Category":"BookCatalog.DAL.Repositories.AuthorRepository","Message":"\uD83D\uDD0E Retrieving all Author(s) out of the database","Exception":null,"Timestamp":"2025-05-30T10:58:57.2852477+02:00","Id":"d27303e3-46a1-4467-8a58-36487192b0f0","CreatedAt":"2025-05-30T10:58:57.2852451+02:00","UpdatedAt":"2025-05-30T10:58:57.2852455+02:00"},{"LogLevel":"Information","Category":"BookCatalog.DAL.Repositories.AuthorRepository","Message":"\uD83D\uDCE6 Retrieved 47 Author out of the database","Exception":null,"Timestamp":"2025-05-30T10:58:57.3520068+02:00","Id":"745c11cf-dccb-4d3b-aeff-ebd020315b54","CreatedAt":"2025-05-30T10:58:57.3520033+02:00","UpdatedAt":"2025-05-30T10:58:57.3520037+02:00"},{"LogLevel":"Information","Category":"BookCatalog.DAL.Repositories.AuthorRepository","Message":"\uD83D\uDD0E Retrieving the Author out of the database with Id: 0e34deb6-c0f4-4212-1f88-08dd9ecffe59","Exception":null,"Timestamp":"2025-05-30T10:59:00.4356046+02:00","Id":"abd22b6a-2001-43f8-a883-3453290101f2","CreatedAt":"2025-05-30T10:59:00.4356023+02:00","UpdatedAt":"2025-05-30T10:59:00.4356028+02:00"},{"LogLevel":"Information","Category":"BookCatalog.DAL.Repositories.AuthorRepository","Message":"\uD83D\uDCE6 Retrieved the Author out of the database with Id: 0e34deb6-c0f4-4212-1f88-08dd9ecffe59","Exception":null,"Timestamp":"2025-05-30T10:59:00.4525686+02:00","Id":"6c1a1686-330f-4dcd-b198-915ec7afb361","CreatedAt":"2025-05-30T10:59:00.4525658+02:00","UpdatedAt":"2025-05-30T10:59:00.4525662+02:00"},{"LogLevel":"Information","Category":"BookCatalog.DAL.Repositories.BookRepository","Message":"\uD83D\uDD0E Retrieving the Book out of the database with Id: b58bfc10-270a-4395-697d-08dd686bd604","Exception":null,"Timestamp":"2025-05-30T10:59:04.8720745+02:00","Id":"8ca2c674-2c03-4d25-a427-0e4c7437a8d1","CreatedAt":"2025-05-30T10:59:04.8720717+02:00","UpdatedAt":"2025-05-30T10:59:04.872072+02:00"},{"LogLevel":"Information","Category":"BookCatalog.DAL.Repositories.BookRepository","Message":"\uD83D\uDCE6 Retrieved the Book out of the database with Id: b58bfc10-270a-4395-697d-08dd686bd604","Exception":null,"Timestamp":"2025-05-30T10:59:04.8736637+02:00","Id":"ffe66fa9-be43-49ef-903d-b23a49ba6c20","CreatedAt":"2025-05-30T10:59:04.87366+02:00","UpdatedAt":"2025-05-30T10:59:04.8736603+02:00"},{"LogLevel":"Information","Category":"BookCatalog.DAL.Repositories.BookRepository","Message":"\uD83D\uDD0E Retrieving all Book(s) out of the database","Exception":null,"Timestamp":"2025-05-30T10:59:17.4608163+02:00","Id":"c1278b3f-5c0a-4972-853d-3501dd0c8367","CreatedAt":"2025-05-30T10:59:17.4608152+02:00","UpdatedAt":"2025-05-30T10:59:17.4608155+02:00"},{"LogLevel":"Information","Category":"BookCatalog.DAL.Repositories.BookRepository","Message":"\uD83D\uDCE6 Retrieved 48 Book out of the database","Exception":null,"Timestamp":"2025-05-30T10:59:17.4635602+02:00","Id":"86e3f85f-6ca6-4020-b3d9-eea63943f1ae","CreatedAt":"2025-05-30T10:59:17.4635585+02:00","UpdatedAt":"2025-05-30T10:59:17.4635586+02:00"},{"LogLevel":"Information","Category":"BookCatalog.DAL.Repositories.GenreRepository","Message":"\uD83D\uDD0E Retrieving all Genre(s) out of the database","Exception":null,"Timestamp":"2025-05-30T10:59:17.7379362+02:00","Id":"533773d5-a3df-4764-8c30-441c3138ef17","CreatedAt":"2025-05-30T10:59:17.737935+02:00","UpdatedAt":"2025-05-30T10:59:17.7379354+02:00"},{"LogLevel":"Information","Category":"BookCatalog.DAL.Repositories.GenreRepository","Message":"\uD83D\uDCE6 Retrieved 23 Genre out of the database","Exception":null,"Timestamp":"2025-05-30T10:59:17.7388845+02:00","Id":"b37a2b78-d439-46b7-9d24-23989bc3b3b0","CreatedAt":"2025-05-30T10:59:17.7388837+02:00","UpdatedAt":"2025-05-30T10:59:17.7388839+02:00"},{"LogLevel":"Information","Category":"BookCatalog.DAL.Repositories.BookRepository","Message":"\uD83D\uDD0E Retrieving all Book(s) out of the database","Exception":null,"Timestamp":"2025-05-30T10:59:21.1738096+02:00","Id":"9bad9f4b-c73e-4571-a400-3c32565f3fdd","CreatedAt":"2025-05-30T10:59:21.1738085+02:00","UpdatedAt":"2025-05-30T10:59:21.1738088+02:00"},{"LogLevel":"Information","Category":"BookCatalog.DAL.Repositories.BookRepository","Message":"\uD83D\uDCE6 Retrieved 48 Book out of the database","Exception":null,"Timestamp":"2025-05-30T10:59:21.1755093+02:00","Id":"8b22b71d-e802-4857-b443-064f6172fada","CreatedAt":"2025-05-30T10:59:21.1755078+02:00","UpdatedAt":"2025-05-30T10:59:21.175508+02:00"},{"LogLevel":"Information","Category":"BookCatalog.DAL.Repositories.GenreRepository","Message":"\uD83D\uDD0E Retrieving all Genre(s) out of the database","Exception":null,"Timestamp":"2025-05-30T10:59:21.4264822+02:00","Id":"8b92321f-3dfb-40f0-aacb-1b98349356dd","CreatedAt":"2025-05-30T10:59:21.4264809+02:00","UpdatedAt":"2025-05-30T10:59:21.4264813+02:00"},{"LogLevel":"Information","Category":"BookCatalog.DAL.Repositories.GenreRepository","Message":"\uD83D\uDCE6 Retrieved 23 Genre out of the database","Exception":null,"Timestamp":"2025-05-30T10:59:21.4271823+02:00","Id":"e4ed1660-8a9c-49d7-8994-c07078209439","CreatedAt":"2025-05-30T10:59:21.427181+02:00","UpdatedAt":"2025-05-30T10:59:21.4271813+02:00"},{"LogLevel":"Information","Category":"BookCatalog.DAL.Repositories.BookRepository","Message":"\uD83D\uDD0E Retrieving the Book out of the database with Id: 09519644-9d6a-41e1-d63c-08dd9ecfff28","Exception":null,"Timestamp":"2025-05-30T10:59:25.6373421+02:00","Id":"c07ca9ec-5e2e-46c6-816c-568696b1004b","CreatedAt":"2025-05-30T10:59:25.6373409+02:00","UpdatedAt":"2025-05-30T10:59:25.6373413+02:00"},{"LogLevel":"Information","Category":"BookCatalog.DAL.Repositories.BookRepository","Message":"\uD83D\uDCE6 Retrieved the Book out of the database with Id: 09519644-9d6a-41e1-d63c-08dd9ecfff28","Exception":null,"Timestamp":"2025-05-30T10:59:25.6387182+02:00","Id":"33745834-165a-42dd-be06-61c8ce28f3dc","CreatedAt":"2025-05-30T10:59:25.6387169+02:00","UpdatedAt":"2025-05-30T10:59:25.6387171+02:00"},{"LogLevel":"Error","Category":"Microsoft.AspNetCore.Diagnostics.ExceptionHandlerMiddleware","Message":"An unhandled exception has occurred while executing the request.","Exception":"System.ArgumentNullException: Value cannot be null. (Parameter \u0027source\u0027)\r\n   at System.Linq.ThrowHelper.ThrowArgumentNullException(ExceptionArgument argument)\r\n   at System.Linq.Enumerable.Select[TSource,TResult](IEnumerable\u00601 source, Func\u00602 selector)\r\n   at BookCatalog.DAL.DTO.BookDTO.get_AverageRating() in C:\\dev\\.MAUI\\BookCatalog\\BookCatalog.DAL\\Mapping\\DTO\\BookDTO.cs:line 20\r\n   at Microsoft.Extensions.Internal.PropertyHelper.CallNullSafePropertyGetter[TDeclaringType,TValue](Func\u00602 getter, Object target)\r\n   at Microsoft.AspNetCore.Mvc.ModelBinding.Validation.ValidationEntry.get_Model()\r\n   at Microsoft.AspNetCore.Mvc.ModelBinding.Validation.ValidationVisitor.VisitChildren(IValidationStrategy strategy)\r\n   at Microsoft.AspNetCore.Mvc.ModelBinding.Validation.ValidationVisitor.VisitComplexType(IValidationStrategy defaultStrategy)\r\n   at Microsoft.AspNetCore.Mvc.ModelBinding.Validation.ValidationVisitor.VisitImplementation(ModelMetadata\u0026 metadata, String\u0026 key, Object model)\r\n   at Microsoft.AspNetCore.Mvc.ModelBinding.Validation.ValidationVisitor.Visit(ModelMetadata metadata, String key, Object model)\r\n   at Microsoft.AspNetCore.Mvc.ModelBinding.ObjectModelValidator.Validate(ActionContext actionContext, ValidationStateDictionary validationState, String prefix, Object model, ModelMetadata metadata, Object container)\r\n   at Microsoft.AspNetCore.Mvc.ModelBinding.ParameterBinder.EnforceBindRequiredAndValidate(ObjectModelValidator baseObjectValidator, ActionContext actionContext, ParameterDescriptor parameter, ModelMetadata metadata, ModelBindingContext modelBindingContext, ModelBindingResult modelBindingResult, Object container)\r\n   at Microsoft.AspNetCore.Mvc.ModelBinding.ParameterBinder.BindModelAsync(ActionContext actionContext, IModelBinder modelBinder, IValueProvider valueProvider, ParameterDescriptor parameter, ModelMetadata metadata, Object value, Object container)\r\n   at Microsoft.AspNetCore.Mvc.RazorPages.Infrastructure.PageBinderFactory.\u003C\u003Ec__DisplayClass2_0.\u003C\u003CCreatePropertyBinder\u003Eg__Bind|0\u003Ed.MoveNext()\r\n--- End of stack trace from previous location ---\r\n   at Microsoft.AspNetCore.Mvc.RazorPages.Infrastructure.PageActionInvoker.BindArgumentsCoreAsync()\r\n   at Microsoft.AspNetCore.Mvc.RazorPages.Infrastructure.PageActionInvoker.InvokeInnerFilterAsync()\r\n   at Microsoft.AspNetCore.Mvc.Infrastructure.ResourceInvoker.\u003CInvokeNextResourceFilter\u003Eg__Awaited|25_0(ResourceInvoker invoker, Task lastTask, State next, Scope scope, Object state, Boolean isCompleted)\r\n   at Microsoft.AspNetCore.Mvc.Infrastructure.ResourceInvoker.Rethrow(ResourceExecutedContextSealed context)\r\n   at Microsoft.AspNetCore.Mvc.Infrastructure.ResourceInvoker.Next(State\u0026 next, Scope\u0026 scope, Object\u0026 state, Boolean\u0026 isCompleted)\r\n   at Microsoft.AspNetCore.Mvc.Infrastructure.ResourceInvoker.InvokeFilterPipelineAsync()\r\n--- End of stack trace from previous location ---\r\n   at Microsoft.AspNetCore.Mvc.Infrastructure.ResourceInvoker.\u003CInvokeAsync\u003Eg__Awaited|17_0(ResourceInvoker invoker, Task task, IDisposable scope)\r\n   at Microsoft.AspNetCore.Mvc.Infrastructure.ResourceInvoker.\u003CInvokeAsync\u003Eg__Awaited|17_0(ResourceInvoker invoker, Task task, IDisposable scope)\r\n   at Microsoft.AspNetCore.Authorization.AuthorizationMiddleware.Invoke(HttpContext context)\r\n   at Microsoft.AspNetCore.Authentication.AuthenticationMiddleware.Invoke(HttpContext context)\r\n   at Microsoft.AspNetCore.Diagnostics.ExceptionHandlerMiddlewareImpl.\u003CInvoke\u003Eg__Awaited|10_0(ExceptionHandlerMiddlewareImpl middleware, HttpContext context, Task task)","Timestamp":"2025-05-30T10:59:33.1124602+02:00","Id":"465aa8b6-ee45-4c9b-9740-3fdaa4deffc3","CreatedAt":"2025-05-30T10:59:33.1124592+02:00","UpdatedAt":"2025-05-30T10:59:33.1124594+02:00"},{"LogLevel":"Information","Category":"BookCatalog.DAL.Repositories.BookRepository","Message":"\uD83D\uDD0E Retrieving all Book(s) out of the database","Exception":null,"Timestamp":"2025-05-30T10:59:39.1044412+02:00","Id":"75d0e7c1-2d11-4073-b26b-2d28901b5800","CreatedAt":"2025-05-30T10:59:39.104439+02:00","UpdatedAt":"2025-05-30T10:59:39.1044393+02:00"},{"LogLevel":"Information","Category":"BookCatalog.DAL.Repositories.BookRepository","Message":"\uD83D\uDCE6 Retrieved 48 Book out of the database","Exception":null,"Timestamp":"2025-05-30T10:59:39.1066754+02:00","Id":"fee5c5a4-9378-4baa-afb7-abdea3b0d3c3","CreatedAt":"2025-05-30T10:59:39.1066738+02:00","UpdatedAt":"2025-05-30T10:59:39.1066741+02:00"},{"LogLevel":"Information","Category":"BookCatalog.DAL.Repositories.GenreRepository","Message":"\uD83D\uDD0E Retrieving all Genre(s) out of the database","Exception":null,"Timestamp":"2025-05-30T10:59:39.3437785+02:00","Id":"bfdf0dc8-5538-40c5-b5a6-265a15216068","CreatedAt":"2025-05-30T10:59:39.3437775+02:00","UpdatedAt":"2025-05-30T10:59:39.3437777+02:00"},{"LogLevel":"Information","Category":"BookCatalog.DAL.Repositories.GenreRepository","Message":"\uD83D\uDCE6 Retrieved 23 Genre out of the database","Exception":null,"Timestamp":"2025-05-30T10:59:39.3442865+02:00","Id":"2cd22ee4-14e6-4e38-862e-dbe1737a2fce","CreatedAt":"2025-05-30T10:59:39.3442846+02:00","UpdatedAt":"2025-05-30T10:59:39.344285+02:00"},{"LogLevel":"Information","Category":"BookCatalog.DAL.Repositories.BookRepository","Message":"\uD83D\uDD0E Retrieving all Book(s) out of the database","Exception":null,"Timestamp":"2025-05-30T10:59:39.3774448+02:00","Id":"21d70709-544a-41ef-bc63-e97299555d83","CreatedAt":"2025-05-30T10:59:39.3774438+02:00","UpdatedAt":"2025-05-30T10:59:39.377444+02:00"},{"LogLevel":"Information","Category":"BookCatalog.DAL.Repositories.GenreRepository","Message":"\uD83D\uDD0E Retrieving all Genre(s) out of the database","Exception":null,"Timestamp":"2025-05-30T10:59:39.6475227+02:00","Id":"554f0d6e-179a-4dde-a9f8-4f80d0e872db","CreatedAt":"2025-05-30T10:59:39.6474964+02:00","UpdatedAt":"2025-05-30T10:59:39.6474968+02:00"},{"LogLevel":"Information","Category":"BookCatalog.DAL.Repositories.BookRepository","Message":"\uD83D\uDD0E Retrieving the Book out of the database with Id: a5f50211-cc75-4408-d62c-08dd9ecfff28","Exception":null,"Timestamp":"2025-05-30T10:59:40.8878094+02:00","Id":"e19b2f2b-e3b1-42df-af57-336f17673834","CreatedAt":"2025-05-30T10:59:40.8878079+02:00","UpdatedAt":"2025-05-30T10:59:40.8878081+02:00"},{"LogLevel":"Information","Category":"BookCatalog.DAL.Repositories.BookRepository","Message":"\uD83D\uDCE6 Retrieved the Book out of the database with Id: a5f50211-cc75-4408-d62c-08dd9ecfff28","Exception":null,"Timestamp":"2025-05-30T10:59:40.889006+02:00","Id":"c546b531-fbd2-45a2-9b93-b3fab555f401","CreatedAt":"2025-05-30T10:59:40.889005+02:00","UpdatedAt":"2025-05-30T10:59:40.8890052+02:00"},{"LogLevel":"Error","Category":"Microsoft.AspNetCore.Diagnostics.ExceptionHandlerMiddleware","Message":"An unhandled exception has occurred while executing the request.","Exception":"System.ArgumentNullException: Value cannot be null. (Parameter \u0027source\u0027)\r\n   at System.Linq.ThrowHelper.ThrowArgumentNullException(ExceptionArgument argument)\r\n   at System.Linq.Enumerable.Select[TSource,TResult](IEnumerable\u00601 source, Func\u00602 selector)\r\n   at BookCatalog.DAL.DTO.BookDTO.get_AverageRating() in C:\\dev\\.MAUI\\BookCatalog\\BookCatalog.DAL\\Mapping\\DTO\\BookDTO.cs:line 20\r\n   at Microsoft.Extensions.Internal.PropertyHelper.CallNullSafePropertyGetter[TDeclaringType,TValue](Func\u00602 getter, Object target)\r\n   at Microsoft.AspNetCore.Mvc.ModelBinding.Validation.ValidationEntry.get_Model()\r\n   at Microsoft.AspNetCore.Mvc.ModelBinding.Validation.ValidationVisitor.VisitChildren(IValidationStrategy strategy)\r\n   at Microsoft.AspNetCore.Mvc.ModelBinding.Validation.ValidationVisitor.VisitComplexType(IValidationStrategy defaultStrategy)\r\n   at Microsoft.AspNetCore.Mvc.ModelBinding.Validation.ValidationVisitor.VisitImplementation(ModelMetadata\u0026 metadata, String\u0026 key, Object model)\r\n   at Microsoft.AspNetCore.Mvc.ModelBinding.Validation.ValidationVisitor.Visit(ModelMetadata metadata, String key, Object model)\r\n   at Microsoft.AspNetCore.Mvc.ModelBinding.ObjectModelValidator.Validate(ActionContext actionContext, ValidationStateDictionary validationState, String prefix, Object model, ModelMetadata metadata, Object container)\r\n   at Microsoft.AspNetCore.Mvc.ModelBinding.ParameterBinder.EnforceBindRequiredAndValidate(ObjectModelValidator baseObjectValidator, ActionContext actionContext, ParameterDescriptor parameter, ModelMetadata metadata, ModelBindingContext modelBindingContext, ModelBindingResult modelBindingResult, Object container)\r\n   at Microsoft.AspNetCore.Mvc.ModelBinding.ParameterBinder.BindModelAsync(ActionContext actionContext, IModelBinder modelBinder, IValueProvider valueProvider, ParameterDescriptor parameter, ModelMetadata metadata, Object value, Object container)\r\n   at Microsoft.AspNetCore.Mvc.RazorPages.Infrastructure.PageBinderFactory.\u003C\u003Ec__DisplayClass2_0.\u003C\u003CCreatePropertyBinder\u003Eg__Bind|0\u003Ed.MoveNext()\r\n--- End of stack trace from previous location ---\r\n   at Microsoft.AspNetCore.Mvc.RazorPages.Infrastructure.PageActionInvoker.BindArgumentsCoreAsync()\r\n   at Microsoft.AspNetCore.Mvc.RazorPages.Infrastructure.PageActionInvoker.InvokeInnerFilterAsync()\r\n   at Microsoft.AspNetCore.Mvc.Infrastructure.ResourceInvoker.\u003CInvokeNextResourceFilter\u003Eg__Awaited|25_0(ResourceInvoker invoker, Task lastTask, State next, Scope scope, Object state, Boolean isCompleted)\r\n   at Microsoft.AspNetCore.Mvc.Infrastructure.ResourceInvoker.Rethrow(ResourceExecutedContextSealed context)\r\n   at Microsoft.AspNetCore.Mvc.Infrastructure.ResourceInvoker.Next(State\u0026 next, Scope\u0026 scope, Object\u0026 state, Boolean\u0026 isCompleted)\r\n   at Microsoft.AspNetCore.Mvc.Infrastructure.ResourceInvoker.InvokeFilterPipelineAsync()\r\n--- End of stack trace from previous location ---\r\n   at Microsoft.AspNetCore.Mvc.Infrastructure.ResourceInvoker.\u003CInvokeAsync\u003Eg__Awaited|17_0(ResourceInvoker invoker, Task task, IDisposable scope)\r\n   at Microsoft.AspNetCore.Mvc.Infrastructure.ResourceInvoker.\u003CInvokeAsync\u003Eg__Awaited|17_0(ResourceInvoker invoker, Task task, IDisposable scope)\r\n   at Microsoft.AspNetCore.Authorization.AuthorizationMiddleware.Invoke(HttpContext context)\r\n   at Microsoft.AspNetCore.Authentication.AuthenticationMiddleware.Invoke(HttpContext context)\r\n   at Microsoft.AspNetCore.Diagnostics.ExceptionHandlerMiddlewareImpl.\u003CInvoke\u003Eg__Awaited|10_0(ExceptionHandlerMiddlewareImpl middleware, HttpContext context, Task task)","Timestamp":"2025-05-30T10:59:44.1339336+02:00","Id":"7a8c082c-d872-4d69-ad91-d15ad3709d6e","CreatedAt":"2025-05-30T10:59:44.1339316+02:00","UpdatedAt":"2025-05-30T10:59:44.1339318+02:00"},{"LogLevel":"Information","Category":"BookCatalog.DAL.Repositories.BookRepository","Message":"\uD83D\uDD0E Retrieving all Book(s) out of the database","Exception":null,"Timestamp":"2025-05-30T10:59:46.4313228+02:00","Id":"21f0b26f-7484-476e-8942-7ed4b02c4560","CreatedAt":"2025-05-30T10:59:46.4313209+02:00","UpdatedAt":"2025-05-30T10:59:46.4313213+02:00"},{"LogLevel":"Information","Category":"BookCatalog.DAL.Repositories.BookRepository","Message":"\uD83D\uDCE6 Retrieved 48 Book out of the database","Exception":null,"Timestamp":"2025-05-30T10:59:46.434245+02:00","Id":"7ce0035b-5976-44f2-b221-458f788b6aaf","CreatedAt":"2025-05-30T10:59:46.4342369+02:00","UpdatedAt":"2025-05-30T10:59:46.4342374+02:00"},{"LogLevel":"Information","Category":"BookCatalog.DAL.Repositories.GenreRepository","Message":"\uD83D\uDD0E Retrieving all Genre(s) out of the database","Exception":null,"Timestamp":"2025-05-30T10:59:46.7063132+02:00","Id":"5f41fffd-792f-4128-b878-b33f82a2987f","CreatedAt":"2025-05-30T10:59:46.706312+02:00","UpdatedAt":"2025-05-30T10:59:46.7063124+02:00"},{"LogLevel":"Information","Category":"BookCatalog.DAL.Repositories.GenreRepository","Message":"\uD83D\uDCE6 Retrieved 23 Genre out of the database","Exception":null,"Timestamp":"2025-05-30T10:59:46.7071282+02:00","Id":"6cd75c33-d486-4903-8677-b7bc2972c6c0","CreatedAt":"2025-05-30T10:59:46.7071268+02:00","UpdatedAt":"2025-05-30T10:59:46.7071271+02:00"},{"LogLevel":"Information","Category":"BookCatalog.DAL.Repositories.BookRepository","Message":"\uD83D\uDD0E Retrieving all Book(s) out of the database","Exception":null,"Timestamp":"2025-05-30T10:59:46.7473751+02:00","Id":"c3ffaa69-4df0-4d10-a020-d278a59e3674","CreatedAt":"2025-05-30T10:59:46.7473742+02:00","UpdatedAt":"2025-05-30T10:59:46.7473745+02:00"},{"LogLevel":"Information","Category":"BookCatalog.DAL.Repositories.GenreRepository","Message":"\uD83D\uDD0E Retrieving all Genre(s) out of the database","Exception":null,"Timestamp":"2025-05-30T10:59:47.0245002+02:00","Id":"9546583a-9a07-4793-a6e0-e3fd1c9c15ea","CreatedAt":"2025-05-30T10:59:47.0244991+02:00","UpdatedAt":"2025-05-30T10:59:47.0244994+02:00"},{"LogLevel":"Information","Category":"BookCatalog.DAL.Repositories.GenreRepository","Message":"\uD83D\uDCE6 Retrieved 23 Genre out of the database","Exception":null,"Timestamp":"2025-05-30T10:59:47.0253946+02:00","Id":"10c5cb6f-370a-44f9-8ef7-c99d0ce00eca","CreatedAt":"2025-05-30T10:59:47.0253938+02:00","UpdatedAt":"2025-05-30T10:59:47.0253941+02:00"},{"LogLevel":"Information","Category":"BookCatalog.DAL.Repositories.AuthorRepository","Message":"\uD83D\uDD0E Retrieving all Author(s) out of the database","Exception":null,"Timestamp":"2025-05-30T10:59:57.3611892+02:00","Id":"6e4760fd-f79d-4851-9111-04c618a2f68f","CreatedAt":"2025-05-30T10:59:57.3611889+02:00","UpdatedAt":"2025-05-30T10:59:57.361189+02:00"},{"LogLevel":"Information","Category":"BookCatalog.DAL.Repositories.AuthorRepository","Message":"\uD83D\uDCE6 Retrieved 47 Author out of the database","Exception":null,"Timestamp":"2025-05-30T10:59:57.3657988+02:00","Id":"6f9c1223-55b8-4d88-b237-f083fc7910a3","CreatedAt":"2025-05-30T10:59:57.3657967+02:00","UpdatedAt":"2025-05-30T10:59:57.3657971+02:00"}]